iteration,score,q_val,nowMem,pealMem
1,0,1.0769,3969.23,3970.99
2,0,-208.9231,3973.79,4255.61
3,0,-208.6285,3980.39,4259.13
4,0,1.0769,3983.82,4265.73
5,0,-208.9091,3987.16,4269.23
6,0,1.3154,3988.85,4272.68
7,0,1.7197,3991.74,4274.38
8,0,-208.5796,3994.74,4277.24
9,0,-208.7491,3995.98,4280.1
10,0,1.0771,3997.86,4281.44
11,0,1.2635,3999.63,4283.4
12,0,1.4956,4001.69,4285.17
13,0,1.0772,4003.81,4287.27
14,0,1.0772,4004.97,4289.34
15,0,1.6171,4006.08,4290.47
16,0,-208.7487,4006.85,4291.62
17,0,1.1957,4008.39,4292.37
18,0,1.3241,4009.54,4293.98
19,0,1.2767,4010.3,4295.08
20,0,1.3314,4010.89,4295.91
21,0,1.3413,4012.22,4296.48
22,0,1.2501,4013.59,4297.76
23,0,1.3105,4015.93,4299.22
24,0,1.3598,4016.57,4301.51
25,0,1.5642,4019.62,5165.78
26,0,1.3651,4020.78,5165.78
27,0,1.2596,4022.1,5165.78
28,0,-208.6819,4023.45,5165.78
29,0,1.0769,4024.52,5165.78
30,0,1.3165,4026.06,5165.78
31,0,1.3603,4026.72,5165.78
32,0,1.3134,4027.08,5165.78
33,0,1.3753,4028.27,5165.78
34,0,1.7588,4029.79,5165.78
35,0,-208.6123,4030.25,5165.78
36,0,1.235,4031.05,5165.78
37,0,1.292,4031.48,5165.78
38,0,1.3871,4031.78,5165.78
39,0,1.357,4032.62,5165.78
40,0,1.3471,4033.52,5165.78
41,0,1.3799,4034.36,5165.78
42,0,1.3818,4035.28,5165.78
43,0,1.3908,4035.44,5165.78
44,0,1.2664,4036.17,5165.78
45,1,1.3274,4037.85,5165.78
46,0,1.0993,4038.68,5165.78
47,0,1.3164,4039.13,5165.78
48,0,1.3391,4039.93,5165.78
49,0,1.7876,4040.0,5165.78
50,0,1.3936,4042.38,5199.51
51,0,-208.6447,4042.54,5199.51
52,0,1.7183,4043.01,5199.51
53,0,-208.4755,4043.32,5199.51
54,0,1.3576,4044.23,5199.51
55,0,1.8117,4046.34,5199.51
56,0,1.7108,4047.18,5199.51
57,0,1.2595,4047.83,5199.51
58,0,1.3696,4048.5,5199.51
59,0,-271.7163,4049.25,5199.51
60,0,1.7589,4049.65,5199.51
61,0,1.3866,4049.97,5199.51
62,0,-80.3387,4050.46,5199.51
63,0,-22.708,4050.87,5199.51
64,0,-208.4755,4051.1,5199.51
65,0,-208.6046,4051.38,5199.51
66,0,1.3256,4051.78,5199.51
67,0,1.1125,4052.64,5199.51
68,0,1.3662,4052.85,5199.51
69,0,1.7685,4053.23,5199.51
70,0,1.3962,4053.36,5199.51
71,0,-208.6151,4053.76,5199.51
72,0,-208.6145,4054.01,5199.51
73,0,1.3975,4054.3,5199.51
74,0,1.3985,4054.31,5199.51
75,0,1.3963,4056.99,5219.68
76,0,-344.9789,4057.34,5219.68
77,0,-271.4163,4057.45,5219.68
78,0,1.9231,4057.69,5219.68
79,0,1.9061,4058.04,5219.68
80,0,1.9039,4058.29,5219.68
81,0,-208.6215,4058.57,5219.68
82,1,1.3971,4060.81,5219.68
83,0,1.3874,4061.15,5219.68
84,0,1.2788,4061.59,5219.68
85,0,1.3878,4061.84,5219.68
86,0,1.7962,4062.07,5219.68
87,0,1.3979,4062.24,5219.68
88,0,1.3815,4062.43,5219.68
89,1,1.8005,4063.01,5219.68
90,0,1.3898,4063.12,5219.68
91,0,-208.4565,4063.36,5219.68
92,0,1.3953,4063.59,5219.68
93,0,1.3981,4063.8,5219.68
94,0,-208.6051,4063.97,5219.68
95,0,1.327,4064.03,5219.68
96,0,1.8154,4064.19,5219.68
97,0,-61.1413,4064.33,5219.68
98,0,-227.3873,4064.54,5219.68
99,0,1.3952,4064.54,5219.68
100,0,-102.1009,4066.87,5233.95
101,0,1.3981,4067.11,5233.95
102,0,-227.2466,4067.34,5233.95
103,0,-271.6564,4067.47,5233.95
104,0,-375.7114,4067.72,5233.95
105,1,-16.9442,4068.34,5233.95
106,0,1.3994,4068.32,5233.95
107,0,-29.2313,4068.54,5233.95
108,1,-351.6726,4069.15,5233.95
109,0,1.3975,4069.01,5233.95
110,0,1.399,4069.08,5233.95
111,0,-227.4041,4069.27,5233.95
112,0,-111.3161,4069.29,5233.95
113,0,1.9384,4069.46,5233.95
114,0,-208.6486,4069.56,5233.95
115,0,1.7984,4069.55,5233.95
116,0,1.3941,4069.66,5233.95
117,0,-208.6006,4069.89,5233.95
118,0,-320.3224,4069.96,5233.95
119,0,-404.9612,4070.3,5233.95
120,0,1.3992,4070.29,5233.95
121,0,-360.8365,4070.6,5233.95
122,0,-66.8215,4070.69,5233.95
123,0,-80.0991,4070.7,5233.95
124,0,1.7987,4070.72,5233.95
125,0,-325.5541,4073.17,5243.39
126,1,1.808,4074.26,5243.39
127,0,-208.61,4074.36,5243.39
128,0,1.3999,4074.35,5243.39
129,1,-94.6983,4075.28,5243.39
130,0,1.3999,4075.28,5243.39
131,0,-282.1054,4075.22,5243.39
132,0,-337.1303,4075.36,5243.39
133,0,1.3988,4075.44,5243.39
134,1,-288.6266,4076.21,5243.39
135,0,1.397,4076.22,5243.39
136,0,-371.7759,4076.21,5243.39
137,0,-27.0096,4076.33,5243.39
138,0,1.3818,4076.43,5243.39
139,0,1.94,4076.56,5243.39
140,0,-85.1884,4076.61,5243.39
141,0,1.3998,4076.66,5243.39
142,1,1.391,4077.62,5243.39
143,0,-271.6026,4077.54,5243.39
144,0,-377.2746,4077.52,5243.39
145,0,-106.8525,4077.58,5243.39
146,0,-208.6002,4077.72,5243.39
147,0,-420.7632,4077.8,5243.39
148,0,-361.722,4077.98,5243.39
149,0,1.3982,4077.84,5243.39
150,0,-304.0844,4080.29,5255.44
151,0,1.3992,4080.4,5255.44
152,0,-341.076,4080.44,5255.44
153,2,-321.6916,4083.77,5255.44
154,0,1.3992,4083.58,5255.44
155,0,-433.7141,4083.78,5255.44
156,1,-282.0523,4083.98,5255.44
157,0,-128.7145,4083.99,5255.44
158,0,-293.4896,4083.92,5255.44
159,0,-208.4765,4084.31,5255.44
160,0,1.3991,4084.4,5255.44
161,0,-208.6003,4084.41,5255.44
162,0,-394.3507,4084.43,5255.44
163,0,-107.1177,4084.47,5255.44
164,1,-30.7357,4084.98,5255.44
165,0,-363.9343,4084.89,5255.44
166,0,1.3998,4084.89,5255.44
167,0,-24.1569,4085.0,5255.44
168,0,1.3999,4085.22,5255.44
169,0,-244.8228,4085.32,5255.44
170,0,-208.6003,4085.26,5255.44
171,1,-435.28,4085.7,5255.44
172,0,1.3995,4085.71,5255.44
173,0,-5.8473,4085.69,5255.44
174,0,-371.9538,4085.7,5255.44
175,0,-321.2032,4088.25,5266.95
176,0,-0.3578,4088.45,5266.95
177,0,1.9649,4088.46,5266.95
178,0,-275.7276,4088.37,5266.95
179,0,-110.133,4088.4,5266.95
180,0,-303.9451,4088.49,5266.95
181,0,1.2925,4088.57,5266.95
182,0,1.3986,4088.61,5266.95
183,0,1.4,4088.77,5266.95
184,1,1.3995,4089.23,5266.95
185,0,-233.4532,4089.19,5266.95
186,0,-304.1501,4089.21,5266.95
187,0,-434.9199,4089.4,5266.95
188,0,1.9894,4089.59,5266.95
189,0,1.4,4089.63,5266.95
190,0,-340.4249,4089.72,5266.95
191,0,-378.2116,4089.74,5266.95
192,0,1.7874,4089.83,5266.95
193,0,1.9968,4089.86,5266.95
194,0,-229.4753,4089.86,5266.95
195,0,1.3999,4089.89,5266.95
196,0,-67.4426,4089.95,5266.95
197,0,-18.8328,4090.02,5266.95
198,0,1.4,4090.27,5266.95
199,0,1.4,4090.41,5266.95
200,1,-4.2519,4093.68,5277.51
201,0,-129.0761,4093.69,5277.51
202,0,1.4,4093.55,5277.51
203,0,1.794,4093.66,5277.51
204,0,-373.4032,4093.7,5277.51
205,0,-413.0167,4093.87,5277.51
206,0,1.82,4093.98,5277.51
207,0,0.1244,4094.0,5277.51
208,0,-371.0541,4094.07,5277.51
209,0,-208.6,4094.08,5277.51
210,0,-344.9635,4094.06,5277.51
211,0,-313.6566,4094.06,5277.51
212,0,1.437,4094.34,5277.51
213,0,1.4,4094.49,5277.51
214,0,-102.0891,4094.57,5277.51
215,0,-424.1598,4094.57,5277.51
216,1,1.3993,4095.22,5277.51
217,0,1.4,4095.2,5277.51
218,0,1.8198,4095.25,5277.51
219,0,1.8199,4095.35,5277.51
220,0,-378.5425,4095.36,5277.51
221,1,-129.1841,4096.17,5277.51
222,2,-109.9163,4097.3,5277.51
223,0,1.3999,4097.18,5277.51
224,0,1.4,4097.15,5277.51
225,0,-232.0568,4099.62,5284.64
226,0,-37.3552,4099.69,5284.64
227,0,1.3821,4099.69,5284.64
228,0,-271.6,4099.77,5284.64
229,0,-29.2268,4099.77,5284.64
230,1,1.817,4100.47,5284.64
231,0,-7.368,4100.5,5284.64
232,0,-294.5918,4100.43,5284.64
233,0,-340.2849,4100.48,5284.64
234,0,-407.3069,4100.45,5284.64
235,0,-313.552,4100.44,5284.64
236,0,-481.0387,4100.44,5284.64
237,0,-282.8723,4100.51,5284.64
238,1,-340.5887,4101.09,5284.64
239,1,-304.1375,4101.05,5284.64
240,1,1.3998,4101.59,5284.64
241,1,-448.7699,4101.62,5284.64
242,3,1.3997,4104.74,5284.64
243,0,1.4,4104.73,5284.64
244,0,-414.1112,4104.6,5284.64
245,2,-404.4727,4105.5,5284.64
246,1,1.4,4105.57,5284.64
247,0,1.74,4105.45,5284.64
248,0,-462.9068,4105.33,5284.64
249,0,1.9936,4105.37,5284.64
250,0,1.9981,4107.88,5297.48
251,1,-282.2992,4108.38,5297.48
252,0,-445.597,4108.22,5297.48
253,0,-411.0719,4108.17,5297.48
254,0,-137.472,4108.29,5297.48
255,0,-413.0045,4108.35,5297.48
256,0,-376.2231,4108.29,5297.48
257,1,-122.8334,4108.46,5297.48
258,0,1.3997,4108.66,5297.48
259,0,1.4,4108.82,5297.48
260,0,-132.2791,4108.86,5297.48
261,0,-363.9418,4109.03,5297.48
262,0,1.4,4109.04,5297.48
263,1,-119.9418,4109.81,5297.48
264,0,-382.1254,4109.71,5297.48
265,0,-112.1628,4109.62,5297.48
266,0,-453.934,4109.62,5297.48
267,1,-295.3752,4110.09,5297.48
268,0,1.4,4110.02,5297.48
269,0,-392.6853,4110.03,5297.48
270,0,-385.7278,4110.04,5297.48
271,1,-38.2837,4110.99,5297.48
272,1,1.4,4111.12,5297.48
273,1,1.9968,4111.01,5297.48
274,0,1.8199,4110.99,5297.48
275,0,-408.6377,4113.54,5306.74
276,0,-381.1574,4113.85,5306.74
277,0,1.4,4113.91,5306.74
278,0,-111.4669,4113.99,5306.74
279,1,-231.9887,4114.24,5306.74
280,0,1.9988,4114.15,5306.74
281,0,-382.0692,4114.09,5306.74
282,0,-389.1521,4114.24,5306.74
283,1,1.8099,4114.4,5306.74
284,0,1.7298,4114.57,5306.74
285,0,1.3996,4114.56,5306.74
286,0,-484.1362,4114.61,5306.74
287,0,1.9996,4114.78,5306.74
288,1,-113.2208,4115.16,5306.74
289,0,-100.7766,4115.06,5306.74
290,0,-449.62,4115.1,5306.74
291,0,-434.8062,4115.22,5306.74
292,1,-115.3456,4115.71,5306.74
293,0,1.998,4115.59,5306.74
294,0,1.8159,4115.55,5306.74
295,0,-254.9929,4115.58,5306.74
296,0,-68.1967,4115.64,5306.74
297,0,1.82,4115.73,5306.74
298,1,1.9994,4116.33,5306.74
299,1,-282.1,4116.95,5306.74
300,1,-32.0402,4119.77,5319.4
301,4,-390.534,4123.19,5319.4
302,0,1.4,4122.98,5319.4
303,0,-372.3,4122.93,5319.4
304,0,-432.6635,4122.96,5319.4
305,0,-208.3296,4122.95,5319.4
306,0,-352.9652,4122.91,5319.4
307,0,1.8194,4123.09,5319.4
308,0,-345.0642,4123.16,5319.4
309,4,-433.7012,4124.54,5319.4
310,0,1.4,4124.32,5319.4
311,0,-61.18,4124.34,5319.4
312,0,-128.401,4124.39,5319.4
313,0,-442.5191,4124.48,5319.4
314,1,-386.395,4124.83,5319.4
315,1,-114.5185,4125.36,5319.4
316,0,1.4,4125.2,5319.4
317,0,1.8197,4125.34,5319.4
318,0,1.4,4125.47,5319.4
319,2,1.4,4126.07,5319.4
320,0,1.4,4125.93,5319.4
321,0,-32.9556,4125.95,5319.4
322,0,-375.5252,4126.07,5319.4
323,0,1.9993,4126.1,5319.4
324,0,-420.4428,4126.11,5319.4
325,0,-271.6,4128.61,5330.8
326,0,-345.0559,4128.78,5330.8
327,0,-404.142,4128.82,5330.8
328,0,-485.566,4128.9,5330.8
329,0,-409.7633,4129.15,5330.8
330,0,-80.08,4129.08,5330.8
331,0,-131.3557,4129.02,5330.8
332,1,-486.1402,4129.39,5330.8
333,0,-470.7006,4129.4,5330.8
334,0,-19.06,4129.44,5330.8
335,0,-485.7365,4129.42,5330.8
336,0,-139.8102,4129.45,5330.8
337,0,-144.4421,4129.43,5330.8
338,0,-257.2052,4129.45,5330.8
339,0,-346.4045,4129.51,5330.8
340,0,-412.3594,4129.6,5330.8
341,1,-111.2576,4130.05,5330.8
342,0,-387.7744,4129.91,5330.8
343,1,-404.4917,4130.06,5330.8
344,0,-75.7616,4129.92,5330.8
345,0,-470.3419,4129.9,5330.8
346,0,1.4,4129.88,5330.8
347,0,-114.9323,4129.98,5330.8
348,0,-102.5213,4130.08,5330.8
349,0,-359.9882,4130.18,5330.8
350,0,-379.8238,4132.62,5336.09
351,0,-451.1168,4132.79,5336.09
352,0,-208.4744,4132.86,5336.09
353,0,-372.9256,4132.88,5336.09
354,1,-342.9145,4133.36,5336.09
355,0,1.9986,4133.33,5336.09
356,0,-33.0797,4133.22,5336.09
357,0,-476.7984,4133.26,5336.09
358,1,-121.529,4133.33,5336.09
359,0,1.4,4133.33,5336.09
360,0,-8.5239,4133.34,5336.09
361,1,-141.6395,4134.0,5336.09
362,0,-487.3823,4134.04,5336.09
363,0,-41.9326,4134.03,5336.09
364,1,-1.1572,4134.41,5336.09
365,0,-281.8852,4134.33,5336.09
366,0,-406.7631,4134.31,5336.09
367,0,1.4,4134.28,5336.09
368,0,-83.1656,4134.31,5336.09
369,0,1.4,4134.34,5336.09
370,0,-260.8521,4134.35,5336.09
371,0,-120.6289,4134.4,5336.09
372,0,-309.3518,4134.38,5336.09
373,0,-400.1834,4134.46,5336.09
374,0,-433.4221,4134.46,5336.09
375,1,1.4,4108.08,5336.09
376,0,-118.655,4108.01,5336.09
377,0,1.7587,4108.01,5336.09
378,2,-34.1966,4108.87,5336.09
379,0,1.4,4108.91,5336.09
380,0,-144.8147,4108.85,5336.09
381,0,-346.2587,4108.86,5336.09
382,0,-42.0444,4108.95,5336.09
383,0,-281.7085,4108.96,5336.09
384,0,-11.2133,4109.05,5336.09
385,0,-61.1843,4109.08,5336.09
386,0,-83.1126,4109.09,5336.09
387,0,-290.5,4109.09,5336.09
388,0,1.9443,4109.07,5336.09
389,1,-366.8005,4109.6,5336.09
390,2,-345.1626,4109.83,5336.09
391,0,1.82,4109.58,5336.09
392,2,1.9833,4110.04,5336.09
393,3,1.4,4111.08,5336.09
394,0,1.4,4110.78,5336.09
395,2,-80.08,4111.72,5336.09
396,0,-313.3887,4111.52,5336.09
397,1,-465.6305,4111.75,5336.09
398,0,-433.8096,4111.7,5336.09
399,0,1.7876,4111.63,5336.09
400,0,-308.7654,4113.65,5336.09
401,0,-417.4106,4113.84,5336.09
402,0,1.7231,4113.87,5336.09
403,1,-321.7026,4114.13,5336.09
404,0,-92.6166,4114.08,5336.09
405,3,-128.6266,4115.15,5336.09
406,2,1.4,4115.51,5336.09
407,2,1.4,4115.87,5336.09
408,2,1.9581,4116.13,5336.09
409,0,1.4,4116.09,5336.09
410,2,-85.75,4116.43,5336.09
411,0,1.4,4116.22,5336.09
412,1,1.4,4116.41,5336.09
413,1,1.8198,4116.58,5336.09
414,1,-290.4887,4116.75,5336.09
415,0,1.4,4116.51,5336.09
416,3,-91.2296,4117.04,5336.09
417,0,1.4,4116.98,5336.09
418,0,-368.4082,4116.91,5336.09
419,2,-1.964,4117.32,5336.09
420,0,1.82,4117.22,5336.09
421,3,-16.954,4117.81,5336.09
422,0,1.9987,4117.66,5336.09
423,0,-359.0626,4117.78,5336.09
424,0,-371.6772,4117.76,5336.09
425,0,-427.8099,4119.88,5336.09
426,1,1.4,4120.39,5336.09
427,0,1.4,4120.36,5336.09
428,0,-293.9115,4120.41,5336.09
429,1,-406.4406,4120.57,5336.09
430,0,1.991,4120.43,5336.09
431,0,-422.5692,4120.45,5336.09
432,0,-208.6,4120.71,5336.09
433,0,-272.0513,4120.77,5336.09
434,0,-271.6,4120.81,5336.09
435,0,-457.1125,4120.9,5336.09
436,0,-466.9692,4120.97,5336.09
437,0,1.9972,4121.04,5336.09
438,2,-296.0185,4121.64,5336.09
439,1,1.4,4121.61,5336.09
440,0,1.4,4121.45,5336.09
441,0,-87.4056,4121.45,5336.09
442,3,-86.7735,4122.36,5336.09
443,0,1.4,4122.33,5336.09
444,2,0.8108,4123.73,5336.09
445,0,1.4,4123.89,5336.09
446,2,-371.3548,4124.31,5336.09
447,0,1.4,4124.19,5336.09
448,1,1.946,4124.32,5336.09
449,0,1.4,4124.22,5336.09
450,0,1.9966,4126.13,5347.74
451,1,-328.8617,4126.31,5347.74
452,4,1.4,4127.95,5347.74
453,0,1.4,4127.74,5347.74
454,0,-109.1225,4127.75,5347.74
455,1,-108.6402,4128.07,5347.74
456,0,1.4,4128.03,5347.74
457,0,-19.1417,4127.99,5347.74
458,0,-424.6133,4128.0,5347.74
459,0,-138.6908,4127.97,5347.74
460,1,-389.5538,4128.26,5347.74
461,0,1.9951,4128.21,5347.74
462,1,-485.7666,4128.53,5347.74
463,0,-419.4168,4128.41,5347.74
464,0,-359.029,4128.33,5347.74
465,0,-144.33,4128.3,5347.74
466,0,-106.3087,4128.29,5347.74
467,0,-40.2072,4128.34,5347.74
468,0,-30.4926,4128.37,5347.74
469,0,-462.2018,4128.36,5347.74
470,0,-497.6117,4128.49,5347.74
471,0,-282.1,4128.58,5347.74
472,10,-333.3912,4145.75,5347.74
473,0,1.4,4145.71,5347.74
474,0,-410.5819,4145.7,5347.74
475,3,-467.1942,4148.29,5385.91
476,0,-385.762,4148.19,5385.91
477,0,1.9965,4148.18,5385.91
478,0,-7.7478,4148.14,5385.91
479,0,-449.9934,4148.16,5385.91
480,0,-479.8324,4148.25,5385.91
481,0,-482.1123,4148.4,5385.91
482,0,-361.4373,4148.35,5385.91
483,0,-386.2096,4148.46,5385.91
484,9,-461.2531,4150.05,5385.91
485,0,1.9991,4149.93,5385.91
486,3,-208.2107,4150.56,5385.91
487,1,1.4,4150.79,5385.91
488,0,-16.9195,4150.57,5385.91
489,0,-143.2337,4150.89,5385.91
490,0,1.4,4151.0,5385.91
491,0,-471.1414,4151.08,5385.91
492,0,1.4,4151.03,5385.91
493,1,-110.1032,4151.33,5385.91
494,3,-142.5497,4152.14,5385.91
495,3,1.82,4152.56,5385.91
496,1,1.4,4152.57,5385.91
497,0,-316.7226,4152.44,5385.91
498,2,-41.3649,4153.05,5385.91
499,0,1.4,4152.94,5385.91
500,0,1.4,4154.88,5390.87
501,0,-305.5498,4154.97,5390.87
502,0,-28.833,4154.98,5390.87
503,0,-476.3991,4154.96,5390.87
504,0,-141.5197,4154.96,5390.87
505,0,-31.631,4154.98,5390.87
506,4,-106.3188,4155.8,5390.87
507,0,1.4,4155.86,5390.87
508,3,1.4,4156.85,5390.87
509,0,1.4,4156.87,5390.87
510,0,-409.6592,4157.02,5390.87
511,0,-233.1505,4156.98,5390.87
512,0,-68.5452,4157.12,5390.87
513,0,-26.7204,4157.18,5390.87
514,0,-294.4155,4157.24,5390.87
515,0,-6.6161,4157.28,5390.87
516,2,-354.4165,4157.67,5390.87
517,1,1.4,4157.69,5390.87
518,0,-121.4978,4157.52,5390.87
519,4,-396.563,4157.77,5390.87
520,3,1.946,4158.78,5390.87
521,2,1.4,4158.88,5390.87
522,0,1.4,4158.83,5390.87
523,0,-275.8991,4158.82,5390.87
524,0,-414.4459,4158.79,5390.87
525,3,-208.474,4161.79,5411.57
526,0,1.82,4161.66,5411.57
527,0,-86.9247,4161.63,5411.57
528,1,1.9998,4162.1,5411.57
529,3,-22.624,4162.27,5411.57
530,0,1.4,4161.93,5411.57
531,0,1.9169,4161.95,5411.57
532,0,-19.1635,4161.99,5411.57
533,0,-106.5965,4162.07,5411.57
534,0,-4.3491,4162.05,5411.57
535,7,-295.3754,4163.99,5411.57
536,0,1.82,4163.94,5411.57
537,5,-271.2297,4164.34,5411.57
538,0,1.4,4164.2,5411.57
539,0,-378.7833,4164.24,5411.57
540,6,-367.1014,4165.51,5411.57
541,0,1.4,4165.33,5411.57
542,3,-399.4172,4165.56,5411.57
543,2,1.4,4165.69,5411.57
544,0,-102.2073,4165.61,5411.57
545,0,-280.5532,4165.65,5411.57
546,3,-79.9689,4165.9,5411.57
547,0,1.4,4165.73,5411.57
548,0,-418.2324,4165.76,5411.57
549,1,-226.9607,4166.2,5411.57
550,0,-30.4956,4167.98,5415.63
551,4,-444.4149,4168.48,5415.63
552,0,1.82,4168.42,5415.63
553,0,1.9838,4168.32,5415.63
554,0,-394.0274,4168.32,5415.63
555,0,-480.075,4168.33,5415.63
556,0,-124.0697,4168.47,5415.63
557,0,-490.7886,4168.48,5415.63
558,2,-66.6882,4168.9,5415.63
559,0,1.9991,4168.77,5415.63
560,1,-516.3886,4169.1,5415.63
561,0,1.4,4169.0,5415.63
562,0,1.82,4168.9,5415.63
563,9,-325.8093,4170.33,5415.63
564,4,1.7233,4170.59,5415.63
565,0,1.82,4170.39,5415.63
566,0,-96.3428,4170.48,5415.63
567,0,-440.869,4170.46,5415.63
568,0,1.4,4170.42,5415.63
569,0,-145.8366,4170.43,5415.63
570,0,-42.351,4170.42,5415.63
571,0,-515.1107,4170.46,5415.63
572,1,-424.7874,4170.72,5415.63
573,4,1.82,4171.15,5415.63
574,1,1.4,4171.34,5415.63
575,1,1.4,4173.32,5428.11
576,3,-217.589,4173.95,5428.11
577,2,1.4,4174.05,5428.11
578,0,-63.8767,4173.84,5428.11
579,4,-364.4033,4174.88,5428.11
580,8,1.82,4175.87,5428.11
581,0,1.4,4175.67,5428.11
582,0,-331.0638,4175.66,5428.11
583,2,1.9999,4176.06,5428.11
584,2,1.4,4176.08,5428.11
585,3,-361.4676,4176.33,5428.11
586,0,1.4,4176.22,5428.11
587,6,1.9999,4176.95,5428.11
588,2,1.4,4177.13,5428.11
589,0,1.82,4176.99,5428.11
590,4,-97.9192,4177.57,5428.11
591,0,1.946,4177.44,5428.11
592,0,-445.7221,4177.38,5428.11
593,1,-323.6778,4177.54,5428.11
594,0,-80.5161,4177.41,5428.11
595,7,-451.2519,4177.82,5428.11
596,0,1.946,4177.69,5428.11
597,7,-27.9757,4178.56,5428.11
598,2,1.9835,4178.65,5428.11
599,4,1.9838,4179.09,5428.11
600,0,1.4,4180.88,5440.73
601,0,-360.5244,4180.96,5440.73
602,0,-325.1234,4180.9,5440.73
603,1,-352.0142,4181.17,5440.73
604,0,-242.0219,4181.09,5440.73
605,0,-22.7548,4181.05,5440.73
606,0,-133.9756,4180.97,5440.73
607,0,-5.4265,4181.04,5440.73
608,1,-516.0091,4181.16,5440.73
609,0,-38.7927,4181.08,5440.73
610,0,-208.6,4181.01,5440.73
611,1,-96.137,4181.4,5440.73
612,9,1.4,4183.43,5440.73
613,0,1.4,4183.21,5440.73
614,3,-10.2378,4183.47,5440.73
615,3,1.7276,4183.72,5440.73
616,4,1.4,4184.06,5440.73
617,1,1.9994,4184.37,5440.73
618,0,-106.7573,4184.2,5440.73
619,0,-280.6488,4184.16,5440.73
620,1,-315.9694,4184.47,5440.73
621,0,-436.9507,4184.4,5440.73
622,0,-1.6713,4184.31,5440.73
623,0,-312.3024,4184.4,5440.73
624,0,-349.7258,4184.41,5440.73
625,0,-433.5126,4186.35,5451.09
626,5,-319.7539,4187.12,5451.09
627,1,1.4,4187.17,5451.09
628,1,-234.9334,4187.27,5451.09
629,0,-132.3166,4187.1,5451.09
630,0,-399.7666,4186.98,5451.09
631,0,-403.169,4186.91,5451.09
632,0,-69.08,4186.97,5451.09
633,0,-104.925,4187.03,5451.09
634,0,-345.1,4187.03,5451.09
635,0,-18.6065,4187.05,5451.09
636,0,-61.1801,4187.02,5451.09
637,5,-409.1841,4187.52,5451.09
638,1,1.9999,4187.6,5451.09
639,7,-412.6781,4188.58,5451.09
640,0,1.4,4188.34,5451.09
641,0,-220.1412,4188.32,5451.09
642,3,-472.3328,4188.64,5451.09
643,1,1.9976,4188.72,5451.09
644,0,1.4,4188.54,5451.09
645,0,-290.2516,4188.47,5451.09
646,0,1.4,4188.44,5451.09
647,1,2.0,4188.84,5451.09
648,0,-354.319,4188.71,5451.09
649,10,-140.2998,4189.28,5451.09
650,0,1.4,4191.06,5459.88
651,0,-469.2727,4191.18,5459.88
652,1,-19.324,4191.46,5459.88
653,0,2.0,4191.38,5459.88
654,3,1.9951,4191.85,5459.88
655,9,1.4,4193.15,5459.88
656,0,1.4,4193.1,5459.88
657,0,-398.1351,4193.12,5459.88
658,0,-4.1819,4193.04,5459.88
659,0,-118.0405,4193.06,5459.88
660,5,-300.1082,4194.02,5459.88
661,0,1.82,4193.97,5459.88
662,0,-469.265,4193.81,5459.88
663,1,-452.074,4193.98,5459.88
664,0,1.993,4193.86,5459.88
665,5,-475.6244,4194.12,5459.88
666,0,1.9979,4193.93,5459.88
667,5,-456.0852,4194.67,5459.88
668,8,1.4,4195.78,5459.88
669,0,1.8199,4195.78,5459.88
670,0,-227.5108,4195.76,5459.88
671,0,1.4,4195.81,5459.88
672,5,-355.1919,4196.35,5459.88
673,0,1.4,4196.13,5459.88
674,0,-442.8984,4196.12,5459.88
675,0,-495.832,4198.03,5473.17
676,0,-480.0694,4198.09,5473.17
677,0,-369.6666,4198.13,5473.17
678,0,-404.773,4198.12,5473.17
679,0,-142.6208,4198.16,5473.17
680,0,-339.7143,4198.13,5473.17
681,0,-30.0775,4198.13,5473.17
682,0,-120.0319,4198.18,5473.17
683,6,-66.8532,4198.83,5473.17
684,0,1.4,4198.67,5473.17
685,2,-61.18,4198.97,5473.17
686,0,1.4,4198.88,5473.17
687,0,-303.6322,4198.84,5473.17
688,0,1.9363,4198.89,5473.17
689,0,-18.656,4198.9,5473.17
690,0,-16.954,4198.88,5473.17
691,1,-450.2708,4198.98,5473.17
692,0,-8.8038,4198.87,5473.17
693,1,1.4,4199.06,5473.17
694,0,-372.7243,4199.05,5473.17
695,5,-518.1035,4199.68,5473.17
696,0,-416.966,4199.56,5473.17
697,0,-460.3644,4199.48,5473.17
698,0,-1.2411,4199.45,5473.17
699,0,-491.9168,4199.51,5473.17
700,5,-394.0968,4201.81,5490.92
701,0,1.9988,4201.75,5490.92
702,6,-104.8957,4202.43,5490.92
703,5,1.4,4202.59,5490.92
704,0,1.4,4202.43,5490.92
705,0,-116.829,4202.52,5490.92
706,9,1.4,4203.68,5490.92
707,1,1.4,4203.89,5490.92
708,1,-362.7054,4203.99,5490.92
709,0,-210.279,4203.92,5490.92
710,0,-440.3869,4203.84,5490.92
711,6,-61.6837,4204.4,5490.92
712,0,1.82,4204.29,5490.92
713,4,-382.9795,4204.67,5490.92
714,0,1.82,4204.48,5490.92
715,0,-323.6729,4204.45,5490.92
716,0,-33.6487,4204.47,5490.92
717,4,-503.1009,4204.94,5490.92
718,0,1.7695,4204.79,5490.92
719,0,-17.1051,4204.88,5490.92
720,5,2.0,4205.45,5490.92
721,0,1.8557,4205.32,5490.92
722,0,-418.9767,4205.28,5490.92
723,8,-149.5303,4205.72,5490.92
724,1,2.0,4205.83,5490.92
725,0,-252.8403,4208.08,5490.92
726,4,-253.5105,4208.45,5490.92
727,3,1.4,4208.73,5490.92
728,0,1.4,4208.5,5490.92
729,0,-3.7315,4208.48,5490.92
730,2,-341.8566,4208.69,5490.92
731,0,2.0,4208.49,5490.92
732,0,0.2805,4208.52,5490.92
733,0,-367.8508,4208.61,5490.92
734,0,1.9382,4208.61,5490.92
735,0,-209.0139,4208.59,5490.92
736,6,0.1454,4209.02,5490.92
737,0,1.9996,4208.96,5490.92
738,7,-101.157,4209.26,5490.92
739,1,-283.186,4209.35,5490.92
740,0,-208.474,4209.23,5490.92
741,3,1.4436,4209.4,5490.92
742,0,1.4,4209.22,5490.92
743,11,-102.13,4212.47,5490.92
744,4,1.4,4212.62,5490.92
745,0,-83.5558,4212.41,5490.92
746,0,-448.7875,4212.42,5490.92
747,7,-227.396,4212.91,5490.92
748,3,1.9926,4212.98,5490.92
749,0,1.4,4212.74,5490.92
750,1,2.0,4184.71,5490.92
751,0,-399.9226,4184.66,5490.92
752,10,-487.3329,4184.86,5490.92
753,0,1.8186,4184.71,5490.92
754,0,-331.6981,4184.56,5490.92
755,3,-98.1096,4185.1,5490.92
756,0,1.4,4184.86,5490.92
757,1,1.3998,4185.09,5490.92
758,4,-470.2994,4185.21,5490.92
759,5,1.4,4185.37,5490.92
760,3,-304.024,4185.55,5490.92
761,13,1.4,4190.46,5490.92
762,8,2.0,4191.22,5490.92
763,0,1.9963,4191.03,5490.92
764,2,-464.7559,4191.21,5490.92
765,0,2.0,4190.98,5490.92
766,0,-279.1624,4190.9,5490.92
767,0,-464.8704,4191.18,5490.92
768,0,1.8331,4191.23,5490.92
769,1,-28.0329,4191.47,5490.92
770,0,2.0,4191.39,5490.92
771,0,-7.7487,4191.36,5490.92
772,0,-401.3144,4191.35,5490.92
773,10,-74.4523,4192.36,5490.92
774,15,1.82,4197.89,5490.92
775,0,1.4,4199.55,5490.92
776,0,-20.9357,4199.68,5490.92
777,4,-367.1368,4200.0,5490.92
778,0,1.4,4199.93,5490.92
779,9,-362.6553,4200.5,5490.92
780,0,1.82,4200.41,5490.92
781,0,-4.8807,4200.51,5490.92
782,21,-100.5143,4215.75,5490.92
783,9,1.82,4216.21,5490.92
784,0,-233.5146,4216.02,5490.92
785,0,-0.0642,4216.03,5490.92
786,0,-354.0325,4216.04,5490.92
787,0,-138.0268,4216.16,5490.92
788,2,-208.435,4216.38,5490.92
789,0,1.4,4216.3,5490.92
790,5,-441.6611,4216.54,5490.92
791,0,1.7884,4216.28,5490.92
792,0,1.3807,4216.48,5490.92
793,0,1.4,4216.45,5490.92
794,0,-40.008,4216.46,5490.92
795,14,-68.6544,4217.38,5490.92
796,3,1.8199,4217.73,5490.92
797,4,1.3999,4218.12,5490.92
798,0,1.4,4217.94,5490.92
799,0,-466.6297,4218.0,5490.92
800,0,1.82,4219.91,5514.66
801,0,-348.3734,4220.01,5514.66
802,3,-208.4757,4220.3,5514.66
803,11,1.82,4220.88,5514.66
804,0,-19.1963,4220.75,5514.66
805,0,-109.5,4220.8,5514.66
806,0,1.943,4220.8,5514.66
807,0,-318.1626,4220.86,5514.66
808,0,-7.6232,4220.86,5514.66
809,2,-536.3384,4221.16,5514.66
810,3,1.4,4221.31,5514.66
811,13,-472.8864,4221.83,5514.66
812,0,1.946,4221.6,5514.66
813,4,-159.5015,4221.88,5514.66
814,0,1.4,4221.78,5514.66
815,4,-94.0488,4222.17,5514.66
816,0,1.4,4221.99,5514.66
817,1,0.0923,4222.23,5514.66
818,4,-359.8339,4222.31,5514.66
819,0,1.4,4222.1,5514.66
820,3,-390.0069,4222.28,5514.66
821,19,2.0,4223.71,5514.66
822,4,2.0,4223.98,5514.66
823,2,1.4,4224.08,5514.66
824,4,2.0,4224.26,5514.66
825,5,1.4,4226.56,5539.77
826,0,1.4,4226.48,5539.77
827,0,-384.4623,4226.53,5539.77
828,13,-279.2521,4226.89,5539.77
829,5,1.4,4227.05,5539.77
830,0,-208.4707,4226.91,5539.77
831,0,-345.1,4226.89,5539.77
832,5,-435.3245,4227.34,5539.77
833,5,1.82,4227.61,5539.77
834,14,2.0,4228.68,5539.77
835,0,1.4,4228.55,5539.77
836,0,-398.0496,4228.57,5539.77
837,0,-115.6021,4228.63,5539.77
838,0,-208.3817,4228.66,5539.77
839,37,-0.887,4259.7,5539.77
840,4,1.4,4259.97,5539.77
841,0,1.946,4259.73,5539.77
842,22,-307.4531,4260.52,5539.77
843,0,1.4,4260.45,5539.77
844,0,-61.1145,4260.47,5539.77
845,1,-138.5889,4260.68,5539.77
846,11,-401.9684,4260.91,5539.77
847,15,1.4,4261.21,5539.77
848,4,1.4,4261.19,5539.77
849,2,1.4,4261.47,5539.77
850,6,1.4,4263.8,5586.96
851,4,1.4,4263.96,5586.96
852,0,1.4,4263.81,5586.96
853,1,-208.6,4264.01,5586.96
854,0,-374.22,4263.91,5586.96
855,15,1.9815,4264.39,5586.96
856,2,1.4,4264.67,5586.96
857,0,1.4,4264.36,5586.96
858,20,1.4888,4264.86,5586.96
859,9,1.4,4265.23,5586.96
860,3,1.4,4265.48,5586.96
861,22,1.4,4265.95,5586.96
862,0,1.82,4265.71,5586.96
863,8,-512.7386,4265.95,5586.96
864,1,1.82,4266.13,5586.96
865,7,-415.8429,4266.31,5586.96
866,51,1.9838,4298.66,5586.96
867,2,1.4,4298.77,5586.96
868,0,1.4,4298.57,5586.96
869,10,-40.1767,4298.98,5586.96
870,0,1.82,4298.83,5586.96
871,1,-534.4635,4299.0,5586.96
872,0,-158.9391,4298.89,5586.96
873,0,-508.9495,4298.8,5586.96
874,6,1.82,4299.35,5586.96
875,3,1.4,4301.3,5621.9
876,23,-291.3184,4301.61,5621.9
877,3,1.946,4301.86,5621.9
878,0,1.4,4301.73,5621.9
879,1,-391.863,4302.0,5621.9
880,0,-452.0857,4301.84,5621.9
881,5,-511.8789,4302.09,5621.9
882,0,1.9838,4301.94,5621.9
883,8,-259.329,4302.2,5621.9
884,1,1.9972,4302.2,5621.9
885,0,-433.7629,4301.99,5621.9
886,5,-422.6743,4302.17,5621.9
887,6,1.9951,4302.52,5621.9
888,0,1.9985,4302.36,5621.9
889,8,-471.7722,4302.8,5621.9
890,2,1.946,4302.88,5621.9
891,5,-208.3097,4302.86,5621.9
892,1,-85.9955,4302.95,5621.9
893,17,-208.6,4303.18,5621.9
894,7,-61.1412,4303.38,5621.9
895,18,1.4,4303.71,5621.9
896,0,1.4,4303.57,5621.9
897,14,-335.8122,4303.79,5621.9
898,12,1.9793,4304.22,5621.9
899,6,1.4,4304.25,5621.9
900,9,1.9988,4306.41,5646.01
901,30,1.9961,4307.0,5646.01
902,0,1.4,4306.89,5646.01
903,3,-76.3987,4307.12,5646.01
904,4,1.4,4307.25,5646.01
905,0,1.4,4307.09,5646.01
906,2,-113.4939,4307.55,5646.01
907,4,1.4,4307.79,5646.01
908,0,1.9956,4307.55,5646.01
909,4,-46.4505,4308.06,5646.01
910,0,1.4,4307.96,5646.01
911,7,1.946,4308.19,5646.01
912,9,2.0,4308.37,5646.01
913,0,1.4,4308.2,5646.01
914,35,-369.0838,4309.01,5646.01
915,0,1.9996,4308.87,5646.01
916,5,-478.0975,4309.07,5646.01
917,4,1.9999,4309.22,5646.01
918,4,1.7483,4309.19,5646.01
919,7,1.9977,4309.15,5646.01
920,0,1.9838,4309.01,5646.01
921,8,-109.3251,4309.4,5646.01
922,0,1.4,4309.39,5646.01
923,0,-307.6139,4309.49,5646.01
924,12,-31.3975,4309.81,5646.01
925,4,1.998,4311.75,5646.01
926,4,1.9993,4311.96,5646.01
927,2,1.9976,4311.95,5646.01
928,22,1.4,4312.23,5646.01
929,5,1.82,4312.14,5646.01
930,2,1.9996,4312.17,5646.01
931,1,1.82,4312.06,5646.01
932,0,1.9173,4312.04,5646.01
933,1,1.4,4312.25,5646.01
934,0,1.4,4312.18,5646.01
935,5,-377.4521,4312.43,5646.01
936,2,1.9995,4312.51,5646.01
937,6,2.0,4312.52,5646.01
938,2,1.8872,4312.56,5646.01
939,3,1.9937,4312.74,5646.01
940,0,1.82,4312.39,5646.01
941,6,-445.9669,4312.56,5646.01
942,2,1.4,4312.61,5646.01
943,1,2.0,4312.74,5646.01
944,4,2.0,4312.91,5646.01
945,4,1.9772,4312.91,5646.01
946,0,2.0,4312.73,5646.01
947,11,-90.8842,4313.2,5646.01
948,2,1.9999,4313.34,5646.01
949,0,2.0,4313.17,5646.01
950,2,-510.1207,4315.3,5646.01
951,2,2.0,4315.55,5646.01
952,0,1.9925,4315.4,5646.01
953,0,-438.8278,4315.29,5646.01
954,3,-108.741,4315.58,5646.01
955,0,1.962,4315.41,5646.01
956,0,-414.4514,4315.39,5646.01
957,0,-334.1296,4315.34,5646.01
958,2,-470.8317,4315.48,5646.01
959,0,2.0,4315.37,5646.01
960,2,-349.117,4315.65,5646.01
961,0,-315.8745,4315.44,5646.01
962,0,-31.2223,4315.41,5646.01
963,4,1.82,4315.72,5646.01
964,0,1.7762,4315.47,5646.01
965,3,1.9985,4315.62,5646.01
966,1,1.9256,4315.48,5646.01
967,0,1.8918,4315.51,5646.01
968,0,-99.3437,4315.48,5646.01
969,9,1.4,4315.72,5646.01
970,2,1.9907,4315.82,5646.01
971,5,2.0,4315.98,5646.01
972,2,1.4,4315.88,5646.01
973,4,1.9964,4315.98,5646.01
974,0,1.82,4315.79,5646.01
975,11,-336.0434,4318.17,5671.9
976,2,1.4,4318.35,5671.9
977,6,1.946,4318.55,5671.9
978,3,2.0,4318.63,5671.9
979,2,1.82,4318.6,5671.9
980,0,2.0,4318.42,5671.9
981,7,-254.2761,4318.72,5671.9
982,0,2.0,4318.56,5671.9
983,0,-365.5629,4318.54,5671.9
984,3,1.9996,4318.81,5671.9
985,1,2.0,4318.83,5671.9
986,0,-277.102,4318.66,5671.9
987,4,-473.1104,4318.86,5671.9
988,2,1.7858,4318.95,5671.9
989,8,1.9987,4319.25,5671.9
990,2,1.61,4319.24,5671.9
991,0,1.9278,4319.09,5671.9
992,2,-132.3901,4319.26,5671.9
993,0,1.4,4319.27,5671.9
994,2,1.4,4319.49,5671.9
995,0,1.9255,4319.38,5671.9
996,0,-28.4031,4319.32,5671.9
997,5,-461.2618,4319.59,5671.9
998,5,1.8055,4319.69,5671.9
999,2,1.9991,4319.79,5671.9
1000,0,2.0,4321.53,5671.9
1001,0,-10.6024,4321.58,5671.9
1002,0,-497.804,4321.6,5671.9
1003,4,-139.8495,4321.73,5671.9
1004,4,1.4,4321.84,5671.9
1005,2,1.946,4321.96,5671.9
1006,0,1.4,4321.82,5671.9
1007,1,-524.7438,4321.86,5671.9
1008,0,1.8975,4321.82,5671.9
1009,1,-369.9664,4321.81,5671.9
1010,2,1.4,4322.32,5671.9
1011,4,1.4,4322.5,5671.9
1012,0,1.4,4322.36,5671.9
1013,3,-391.2481,4322.62,5671.9
1014,4,1.7558,4322.9,5671.9
1015,0,1.7336,4322.74,5671.9
1016,0,-318.7386,4322.88,5671.9
1017,0,-40.5549,4322.77,5671.9
1018,4,-359.0762,4323.18,5671.9
1019,5,1.4,4323.31,5671.9
1020,1,1.4,4323.32,5671.9
1021,1,-208.6,4323.5,5671.9
1022,1,2.0,4323.3,5671.9
1023,9,1.8893,4323.58,5671.9
1024,3,-82.3756,4323.63,5671.9
1025,3,1.4,4325.89,5671.9
1026,2,1.9925,4326.19,5671.9
1027,0,1.9951,4326.02,5671.9
1028,2,-333.3977,4326.17,5671.9
1029,0,1.4,4326.14,5671.9
1030,1,-220.3068,4326.2,5671.9
1031,4,1.4,4326.32,5671.9
1032,10,2.0,4326.32,5671.9
1033,0,1.7418,4326.05,5671.9
1034,2,-64.692,4326.57,5671.9
1035,0,1.4,4326.44,5671.9
1036,0,1.9276,4326.4,5671.9
1037,3,-347.3169,4326.72,5671.9
1038,0,2.0,4326.48,5671.9
1039,0,-358.0961,4326.44,5671.9
1040,2,-336.4732,4326.67,5671.9
1041,0,1.4,4326.64,5671.9
1042,7,-98.6193,4326.94,5671.9
1043,0,1.7598,4326.78,5671.9
1044,4,-7.1209,4327.16,5671.9
1045,4,1.4,4327.18,5671.9
1046,0,2.0,4327.14,5671.9
1047,0,-447.8611,4327.1,5671.9
1048,0,1.82,4327.13,5671.9
1049,2,-28.1858,4327.34,5671.9
1050,0,1.82,4329.16,5671.9
1051,0,-7.0557,4329.15,5671.9
1052,2,-0.7363,4329.67,5671.9
1053,5,1.946,4329.79,5671.9
1054,0,1.9973,4329.54,5671.9
1055,2,1.1791,4329.71,5671.9
1056,0,1.9838,4329.58,5671.9
1057,0,-0.7167,4329.62,5671.9
1058,3,-539.7099,4329.89,5671.9
1059,2,1.9999,4330.28,5671.9
1060,8,1.4,4330.59,5671.9
1061,3,2.0,4330.8,5671.9
1062,1,1.946,4330.52,5671.9
1063,2,1.4,4330.68,5671.9
1064,6,1.4,4330.81,5671.9
1065,16,1.9951,4330.87,5671.9
1066,9,1.7734,4330.83,5671.9
1067,1,1.4,4330.87,5671.9
1068,0,-102.7951,4330.77,5671.9
1069,3,-262.7735,4330.94,5671.9
1070,2,1.4,4330.94,5671.9
1071,0,1.8139,4330.79,5671.9
1072,6,-412.5871,4331.01,5671.9
1073,2,2.0,4331.17,5671.9
1074,12,1.82,4331.29,5671.9
1075,5,-210.4707,4333.24,5679.66
1076,1,1.946,4333.21,5679.66
1077,2,1.9963,4333.5,5679.66
1078,3,1.4,4333.6,5679.66
1079,2,1.8828,4333.53,5679.66
1080,0,1.9665,4333.38,5679.66
1081,0,1.7537,4333.34,5679.66
1082,3,1.946,4333.89,5679.66
1083,4,2.0,4333.99,5679.66
1084,1,-313.8153,4333.71,5679.66
1085,0,1.9986,4333.69,5679.66
1086,0,-374.245,4333.69,5679.66
1087,1,1.9261,4333.71,5679.66
1088,2,1.9602,4333.99,5679.66
1089,7,2.0,4334.23,5679.66
1090,2,1.4,4334.25,5679.66
1091,5,1.7392,4334.42,5679.66
1092,2,1.4,4334.34,5679.66
1093,0,1.4,4334.2,5679.66
1094,0,-468.7843,4334.14,5679.66
1095,0,-275.3509,4334.15,5679.66
1096,1,-10.7665,4334.42,5679.66
1097,1,-502.7822,4334.61,5679.66
1098,2,-149.4347,4334.72,5679.66
1099,0,1.82,4334.53,5679.66
1100,0,1.9778,4336.37,5679.66
1101,0,-92.7446,4336.34,5679.66
1102,4,-1.8299,4336.84,5679.66
1103,0,1.4,4336.62,5679.66
1104,0,-81.2053,4336.65,5679.66
1105,2,1.9934,4336.93,5679.66
1106,0,1.8648,4336.89,5679.66
1107,0,-296.6815,4336.71,5679.66
1108,1,1.4,4336.78,5679.66
1109,2,1.9898,4337.07,5679.66
1110,3,1.9218,4337.15,5679.66
1111,10,-208.4259,4337.51,5679.66
1112,0,1.4,4337.33,5679.66
1113,4,-64.6424,4337.61,5679.66
1114,1,1.9442,4337.64,5679.66
1115,8,-43.4304,4337.94,5679.66
1116,4,1.8198,4338.05,5679.66
